MM_dim_size,host_wait,gpu_wait,gpu_exec
8, 0.018048, 0.03312, 0.018112
16, 0.016928, 0.031104, 0.019136
32, 0.017952, 0.022624, 0.022336
64, 0.02016, 0.037184, 0.075744
128, 0.043648, 0.025216, 0.429664
